{"cameraMode":{"drawMode":0,"name":"Shaded","section":"Shading Mode"},"sceneLighting":false,"audioPlay":false,"sceneViewState":{"showFog":true,"showMaterialUpdate":false,"showSkybox":false,"showFlares":true,"showImageEffects":true,"showParticleSystems":true,"showVisualEffectGraphs":true,"m_FxEnabled":true},"in2DMode":false,"pivot":{"x":-0.8133935928344727,"y":0.8671369552612305,"z":-0.1647273302078247},"rotation":{"x":0.12055268883705139,"y":-0.8362957835197449,"z":0.20356309413909913,"w":0.4949040412902832},"size":1.9939990043640137,"orthographic":false}