{"cameraMode":{"drawMode":0,"name":"Shaded","section":"Shading Mode"},"sceneLighting":true,"audioPlay":false,"sceneViewState":{"showFog":true,"showMaterialUpdate":false,"showSkybox":false,"showFlares":true,"showImageEffects":true,"showParticleSystems":true,"showVisualEffectGraphs":true,"m_FxEnabled":true},"in2DMode":false,"pivot":{"x":-1.7058258056640626,"y":0.42178595066070559,"z":-4.098961353302002},"rotation":{"x":0.010425002314150334,"y":0.9788860082626343,"z":-0.19824038445949555,"w":0.05165828764438629},"size":2.816964864730835,"orthographic":true}