{"cameraMode":{"drawMode":0,"name":"Shaded","section":"Shading Mode"},"sceneLighting":true,"audioPlay":false,"sceneViewState":{"showFog":true,"showMaterialUpdate":false,"showSkybox":false,"showFlares":true,"showImageEffects":true,"showParticleSystems":true,"showVisualEffectGraphs":true,"m_FxEnabled":true},"in2DMode":false,"pivot":{"x":0.22301173210144044,"y":4.521413326263428,"z":5.526470184326172},"rotation":{"x":0.49546512961387637,"y":-0.04088341072201729,"z":0.023355966433882715,"w":0.8673568367958069},"size":5.512362003326416,"orthographic":true}